Borges – EPP,5547997459085
Pacheco - EPP,5547997459085
Nogueira Nogueira e Filhos - GE,5547997459085
Borges – EPP,5547997459085
Pacheco - EPP,5547997459085
Nogueira Nogueira e Filhos - GE,5547997459085
Lima - ME - EPP,5547997459085
Borges – EPP,5547997459085
Pacheco - EPP,5547997459085
Pacheco - EPP,5547997459085
Pacheco - EPP,5547997459085
Borges – EPP,5547997459085
Nogueira Nogueira e Filhos - GE,5547997459085
Borges – EPP,5547997459085
Borges – EPP,5547997459085
Borges – EPP,5547997459085
Pacheco - EPP,5547997459085
Borges – EPP,5547997459085
Pacheco - EPP,5547997459085
Nogueira Nogueira e Filhos - GE,5547997459085
Lima - ME - EPP,5547997459085
Borges – EPP,5547997459085
Pacheco - EPP,5547997459085
Borges – EPP,5547997459085
Pacheco - EPP,5547997459085
Nogueira Nogueira e Filhos - GE,5547997459085
Lima - ME - EPP,5547997459085
Lima - ME - EPP,5547997459085
Lima - ME - EPP,5547997459085
Lima - ME - EPP,5547997459085
Gonçalves Silva - ME - EPP,5547997459085
Gonçalves Silva - ME - EPP,5547997459085
Moraes S.A. - EPP,5547997459085
Martins Rios Ltda. - GE,5547997459085
Barbosa Guerra S/A - ME,5547997459085
Almeida - GE,5547997459085
